season,yr,mnth,holiday,weekday,workingday,weathersit,temp,hum,windspeed,casual,registered
1,0,2,0,5,1,2,0.364348,0.712174,0.346539,0.05230496453900709,0.19073058042159977
2,0,6,0,2,1,1,0.7075,0.597917,0.187808,0.337322695035461,0.5847531042448744
